﻿<?xml version="1.0" encoding="utf-8" ?>
<bookstore xmlns="http://litemedia.se/BookStore.xsd">
  <book id="ISBN9789170375033">
    <title>I väntan på talibanerna</title>
    <cover>http://image.bokus.com/images2/9789170375033_large</cover>
    <author-ref id="A1" />
  </book>

  <book id="ISBN9789170372063">
    <title>Sista resan till Phnom Penh</title>
    <cover>http://image.bokus.com/images2/9789170372063_large</cover>
    <author-ref id="A1" />
  </book>

  <book id="ISBN9789127121867">
    <title>Vårt bröllop : Kronprinsessan Victoria och Prins Daniel 19 juni 2010</title>
    <cover>http://image.bokus.com/images2/9789127121867_large</cover>
    <author-ref id="A2 A3" />
  </book>

  <book id="ISBN9789189204966">
    <title>Människa, människa</title>
    <cover>http://image.bokus.com/images2/9789189204966_large</cover>
    <author-ref id="A3" />
  </book>

  <author id="A1">
    <name>Jesper Huor</name>
  </author>
  <author id="A2">
    <name>Susanna Popova</name>
  </author>
  <author id="A3">
    <name>Paul Hansen</name>
  </author>
</bookstore>