﻿<hibernate-mapping xmlns="urn:nhibernate-mapping-2.2" assembly="NHibernateExample" namespace="NHibernateExample.Model">
  <class name="NHibernateExample.Model.Product, NHibernateExample" table="Products">

    <id name="ID" column="ProductID">
      <generator class="identity" />
    </id>

    <property name="Name" column="ProductName" />
    <property name="Price" column="UnitPrice" />
    <many-to-one name="Category" class="NHibernateExample.Model.Category, NHibernateExample" column="CategoryID" />
  </class>
</hibernate-mapping>